subject,topic,script,flags,input,notes
molecular_biology,topic02,YMCS,,{bp_root}/multiple_choice_statements/molecular_biology/rna_v_dna-biol_301.yml,
molecular_biology,topic02,YMCS,,{bp_root}/multiple_choice_statements/molecular_biology/nucleotide_components.yml,
molecular_biology,topic02,YMCS,,{bp_root}/multiple_choice_statements/molecular_biology/dna_structure-biol_351.yml,
molecular_biology,topic02,YMCS,,{bp_root}/multiple_choice_statements/molecular_biology/rna_v_dna.yml,
molecular_biology,topic02,YMCS,,{bp_root}/multiple_choice_statements/molecular_biology/dna_structure.yml,
molecular_biology,topic02,YMCS,,{bp_root}/multiple_choice_statements/molecular_biology/melting_Tm_type_1.yml,
molecular_biology,topic02,YMCS,,{bp_root}/multiple_choice_statements/molecular_biology/g-u_wobble.yml,
molecular_biology,topic02,YMCS,,{bp_root}/multiple_choice_statements/biotechnology/franklin_diffraction.yml,
molecular_biology,topic03,YMATCH,,{bp_root}/matching_sets/molecular_biology/central_dogma_terms.yml,
molecular_biology,topic04,YMCS,,{bp_root}/multiple_choice_statements/laboratory/pcr_components.yml,
molecular_biology,topic06,YMCS,,{bp_root}/multiple_choice_statements/molecular_biology/proofreading.yml,
molecular_biology,topic06,YMCS,,{bp_root}/multiple_choice_statements/molecular_biology/leading_v_lagging_strand.yml,
molecular_biology,topic06,YMCS,,{bp_root}/multiple_choice_statements/molecular_biology/dna_replication.yml,
molecular_biology,topic06,YMATCH,,{bp_root}/matching_sets/molecular_biology/dna_replication_enzymes-biol_301.yml,
molecular_biology,topic06,YMCS,,{bp_root}/multiple_choice_statements/molecular_biology/dna_replication-biol_301.yml,
molecular_biology,topic06,YMATCH,,{bp_root}/matching_sets/molecular_biology/dna_replication_enzymes.yml,
molecular_biology,topic08,YMCS,,{bp_root}/multiple_choice_statements/molecular_biology/intron_splicing.yml,
molecular_biology,topic08,YMCS,,{bp_root}/multiple_choice_statements/molecular_biology/mRNA_processing.yml,
molecular_biology,topic09,YMCS,,{bp_root}/multiple_choice_statements/molecular_biology/translation_accuracy.yml,
